{
  "train_seconds": 2.8563042000023415,
  "val_mse_net": 0.0013479911722242832,
  "val_mse_material": 0.18493884801864624,
  "n_train": 114576,
  "n_val": 20000
}