{
  "a0_slice_proxy": {
    "n": 100000,
    "mse_net": 0.36211097240448,
    "mse_material": 0.8107412457466125,
    "mae_net": 0.5046552419662476,
    "mae_material": 0.8549887537956238,
    "spearman_net": 0.9190885026583476,
    "spearman_material": 0.33754027900632533
  },
  "depth3_spot": {
    "n": 4000,
    "mse_net": 0.020886121317744255,
    "mse_material": 0.21743549406528473,
    "spearman_net": 0.947450108022908,
    "spearman_material": 0.5976438618821095
  }
}