{
  "a0_slice_proxy": {
    "n": 100000,
    "mse_net": 0.0927542895078659,
    "mse_material": 0.636052131652832,
    "mae_net": 0.22017964720726013,
    "mae_material": 0.7373177409172058,
    "spearman_net": 0.6677596179733754,
    "spearman_material": 0.21865979860062426
  },
  "depth3_spot": {
    "n": 4000,
    "mse_net": 0.005938076879829168,
    "mse_material": 0.1251981407403946,
    "spearman_net": 0.9652744421043672,
    "spearman_material": 0.7258271025214947
  }
}