{
  "train_seconds": 4.796224399993662,
  "val_mse_net": 0.0009254043106921017,
  "val_mse_material": 0.10707077383995056,
  "n_train": 103731,
  "n_val": 20000
}