{"_step":732,"_runtime":975,"train/value_loss":0.5031912,"train/learning_rate":0.0003,"game/total_episodes":87779,"train/approx_kl":0.051205702,"train/explained_variance":0.020382285,"train/loss":0.098801136,"time/fps":898,"train/clip_range":0.2,"train/aux_loss":0.46586123,"global_step":868352,"game/avg_episode_length":9.74,"train/policy_gradient_loss":-0.06318296,"_wandb":{"runtime":975},"game/win_rate_100":0.59,"train/clip_fraction":0.41449586,"train/entropy_loss":-2.2748077,"_timestamp":1.7787209293108263e+09}