{
  "a0_slice_proxy": {
    "n": 100000,
    "mse_net": 0.2750360667705536,
    "mse_material": 0.6474689841270447,
    "mae_net": 0.42933890223503113,
    "mae_material": 0.7455003261566162,
    "spearman_net": 0.8460931439288455,
    "spearman_material": 0.1779779862101126
  },
  "depth3_spot": {
    "n": 4000,
    "mse_net": 0.008024552837014198,
    "mse_material": 0.12061531096696854,
    "spearman_net": 0.9683173681466464,
    "spearman_material": 0.6924019317720689
  }
}