{
  "train_seconds": 2.6452973000123166,
  "val_mse_net": 0.0012206535320729017,
  "val_mse_material": 0.1016644760966301,
  "n_train": 114679,
  "n_val": 20000
}