{"_wandb":{"runtime":11640},"game/win_rate_100":0.42,"train/entropy_loss":-1.7549173,"train/learning_rate":0.0003,"time/fps":171,"game/total_episodes":204736,"train/value_loss":0.5068397,"game/avg_episode_length":11.06,"_step":3392,"train/loss":0.1563055,"train/approx_kl":0.07468749,"train/policy_gradient_loss":-0.060167912,"train/clip_range":0.2,"global_step":2480656,"train/aux_loss":1.2657573,"_runtime":11640,"train/clip_fraction":0.40344238,"train/explained_variance":0.016039073,"_timestamp":1.7786797768500862e+09}