{
  "train_seconds": 3.6542342999891844,
  "val_mse_net": 0.0008802698575891554,
  "val_mse_material": 0.12538710236549377,
  "n_train": 103731,
  "n_val": 20000
}