{
  "n_games": 6000,
  "plies": 55407,
  "truncations": 0,
  "tp_category_overall_pct": {
    "フェイント": 21.76259317414767,
    "ブースト": 8.450195823632393,
    "スキップ": 15.012543541429784,
    "数字宣言": 16.956341256519934,
    "コピー": 15.960077246557294,
    "ガード": 8.836428610103416,
    "クイック": 4.273828216651325,
    "フラッシュ": 8.17405742956666,
    "セメント": 0.33750248163589436,
    "チャージ": 0.08302200083022,
    "ロック": 0.15160539282040175,
    "ストック": 0.0018048261050047827
  },
  "tp_category_counts": {
    "フェイント": 12058,
    "ブースト": 4682,
    "スキップ": 8318,
    "数字宣言": 9395,
    "コピー": 8843,
    "ガード": 4896,
    "クイック": 2368,
    "フラッシュ": 4529,
    "セメント": 187,
    "チャージ": 46,
    "ロック": 84,
    "ストック": 1
  },
  "stock_decl_pct": 0.0018048261050047827,
  "cement_decl_pct": 0.33750248163589436,
  "flash_decl_pct": 8.17405742956666,
  "number_decl_pct": 16.956341256519934,
  "stock_hold_ply_pct": 0.0,
  "stock_hold_game_pct": 0.0,
  "thumb_overall_pct": {
    "0": 87.19295395888606,
    "2": 3.6367246015846373,
    "1": 9.170321439529301
  },
  "thumb_number_pct": {
    "0": 69.37732836615221,
    "1": 24.77913783927621,
    "2": 5.843533794571581
  },
  "thumb_flash_pct": {
    "1": 39.21395451534555,
    "0": 37.86707882534776,
    "2": 22.91896665930669
  },
  "ntp_reaction_pct": {
    "なし": 58.115400581154006,
    "カウンター": 32.744960023101775,
    "ブロック": 9.13963939574422
  },
  "stock_decl_under_counter_plies": 1,
  "cement_decl_under_counter_plies": 0,
  "games_stock_declared_under_counter": 1,
  "games_cement_declared_under_counter": 0,
  "model": "models/value_gvi_latest.pt",
  "mask": 0
}