{
  "n_games": 6000,
  "plies": 53460,
  "truncations": 0,
  "tp_category_overall_pct": {
    "フェイント": 22.087542087542086,
    "フラッシュ": 10.222596333707445,
    "スキップ": 14.487467265245042,
    "ブースト": 7.706696595585484,
    "数字宣言": 16.419753086419753,
    "コピー": 15.845491956603068,
    "ガード": 8.35016835016835,
    "クイック": 4.248035914702581,
    "セメント": 0.36475869809203143,
    "チャージ": 0.0710811821922933,
    "ロック": 0.1739618406285073,
    "ストック": 0.02244668911335578
  },
  "tp_category_counts": {
    "フェイント": 11808,
    "フラッシュ": 5465,
    "スキップ": 7745,
    "ブースト": 4120,
    "数字宣言": 8778,
    "コピー": 8471,
    "ガード": 4464,
    "クイック": 2271,
    "セメント": 195,
    "チャージ": 38,
    "ロック": 93,
    "ストック": 12
  },
  "stock_decl_pct": 0.02244668911335578,
  "cement_decl_pct": 0.36475869809203143,
  "flash_decl_pct": 10.222596333707445,
  "number_decl_pct": 16.419753086419753,
  "stock_hold_ply_pct": 0.03554059109614665,
  "stock_hold_game_pct": 0.13333333333333333,
  "thumb_overall_pct": {
    "0": 86.93602693602693,
    "1": 8.954358398802844,
    "2": 4.109614665170221
  },
  "thumb_number_pct": {
    "0": 70.57416267942584,
    "2": 5.115060378218273,
    "1": 24.31077694235589
  },
  "thumb_flash_pct": {
    "1": 37.69441903019213,
    "0": 37.25526075022873,
    "2": 25.05032021957914
  },
  "ntp_reaction_pct": {
    "なし": 57.41863075196409,
    "ブロック": 9.545454545454545,
    "カウンター": 33.03591470258137
  },
  "stock_decl_under_counter_plies": 4,
  "cement_decl_under_counter_plies": 0,
  "games_stock_declared_under_counter": 4,
  "games_cement_declared_under_counter": 0,
  "model": "models/value_cp_stock_latest.pt",
  "mask": 512
}