{
  "train_seconds": 3.1232667999865953,
  "val_mse_net": 0.0009945436613634229,
  "val_mse_material": 0.12567274272441864,
  "n_train": 103731,
  "n_val": 20000
}