{
  "a0_slice_proxy": {
    "n": 100000,
    "mse_net": 0.037739403545856476,
    "mse_material": 0.636052131652832,
    "mae_net": 0.14161115884780884,
    "mae_material": 0.7373177409172058,
    "spearman_net": 0.8112446078096612,
    "spearman_material": 0.21865979860062426
  },
  "depth3_spot": {
    "n": 4000,
    "mse_net": 0.0009227007394656539,
    "mse_material": 0.1251981407403946,
    "spearman_net": 0.9916610221253169,
    "spearman_material": 0.7258271025214947
  }
}