{
  "train_seconds": 2.3060359000228345,
  "val_mse_net": 0.0009513309341855347,
  "val_mse_material": 0.12538710236549377,
  "n_train": 103731,
  "n_val": 20000
}